"","X1","room_id","reviews","rating","price","lat","lon","neighborhood"
"1",1,5858,111,5,233.857142857143,37.745112,-122.421018,"Bernal Heights"
"2",2,8739,460.714285714286,5,147.571428571429,37.759189,-122.422367,"Mission"
"3",3,9225,332.428571428571,4.5,142.714285714286,37.762589,-122.405431,"Potrero Hill"
"4",4,10251,247.714285714286,5,245.714285714286,37.758743,-122.413272,"Mission"
"5",5,12522,320.857142857143,5,79,37.760745,-122.430324,"Castro/Upper Market"
"6",6,18904,249.571428571429,5,115,37.772522,-122.432156,"Western Addition"
"7",7,19040,209,5,188,37.76349,-122.415174,"Mission"
"8",8,23611,185.4,5,99,37.745563,-122.412068,"Bernal Heights"
"9",9,23630,259.857142857143,5,153.571428571429,37.75963,-122.441432,"Castro/Upper Market"
"10",10,24463,200,5,145.142857142857,37.756446,-122.399102,"Potrero Hill"
"11",11,24685,130.142857142857,5,79,37.771618,-122.438362,"Haight Ashbury"
"12",12,24723,189.857142857143,4.78571428571429,170,37.787165,-122.433861,"Western Addition"
"13",13,25463,293.714285714286,5,115,37.777289,-122.434211,"Western Addition"
"14",14,25662,239.857142857143,5,125,37.7620988571429,-122.395435571429,"Potrero Hill"
"15",15,26843,213.75,5,99,37.750342,-122.434447,"Noe Valley"
"16",16,27025,106.5,5,180,37.76298,-122.431364,"Castro/Upper Market"
"17",17,33577,487.857142857143,5,200,37.765146,-122.397501,"Potrero Hill"
"18",18,33578,436.571428571429,5,200,37.765256,-122.397305,"Potrero Hill"
"19",19,38607,167.857142857143,5,116.142857142857,37.781975,-122.458092,"Presidio Heights"
"20",20,40138,107,5,83,37.782549,-122.448438,"Presidio Heights"
"21",21,41172,158.428571428571,5,129,37.740827,-122.41763,"Bernal Heights"
"22",22,41867,127.4,4.5,121.4,37.776749,-122.425138,"Western Addition"
"23",23,44323,227,5,99,37.758152,-122.420152,"Mission"
"24",24,49559,124,5,345,37.741681,-122.46436,"West of Twin Peaks"
"25",25,51073,127.714285714286,5,140,37.771163,-122.421995,"South of Market"
"26",26,52713,151.4,4.5,97,37.796668,-122.412717,"Nob Hill"
"27",27,53280,116,5,70,37.738777,-122.411895,"Bernal Heights"
"28",28,53934,224.8,5,200,37.787755,-122.416344,"Downtown/Civic Center"
"29",29,56200,264.666666666667,5,245,37.786289,-122.439566,"Western Addition"
"30",30,57479,124.857142857143,5,400,37.774595,-122.439229,"Haight Ashbury"
"31",31,57561,169.285714285714,4.5,175,37.747203,-122.41443,"Bernal Heights"
"32",32,59314,106,5,195,37.776979,-122.410469,"South of Market"
"33",33,59344,187.714285714286,5,137.857142857143,37.745655,-122.428644,"Noe Valley"
"34",34,59381,132.285714285714,5,109,37.803101,-122.415958,"Russian Hill"
"35",35,59702,163.571428571429,5,125,37.742085,-122.414088,"Bernal Heights"
"36",36,60365,195,5,390.714285714286,37.769656,-122.434962,"Western Addition"
"37",37,61333,151.428571428571,4.5,200,37.772638,-122.421112,"South of Market"
"38",38,63247,214.857142857143,4.5,149,37.749258,-122.413975,"Mission"
"39",39,63405,137.428571428571,4.5,116.428571428571,37.753996,-122.417706,"Mission"
"40",40,70753,212.714285714286,4.5,45,37.79447,-122.404505,"Financial District"
"41",41,72444,189.428571428571,4.5,51.4285714285714,37.793088,-122.404431,"Financial District"
"42",42,77175,187.857142857143,5,134.428571428571,37.738382,-122.433752,"Glen Park"
"43",43,82919,252.428571428571,4.5,78.1428571428571,37.734298,-122.420921,"Bernal Heights"
"44",44,87640,251.714285714286,5,115,37.745496,-122.428984,"Noe Valley"
"45",45,102507,102,4.5,125,37.750309,-122.419023,"Mission"
"46",46,109883,242.142857142857,4.5,119,37.733274,-122.464346,"West of Twin Peaks"
"47",47,114401,288.857142857143,5,116.428571428571,37.761016,-122.430054,"Castro/Upper Market"
"48",48,128230,114.428571428571,5,345.142857142857,37.758868,-122.435648,"Castro/Upper Market"
"49",49,136598,290,5,125,37.775203,-122.427527,"Western Addition"
"50",50,137546,143.428571428571,5,67.5714285714286,37.747078,-122.424564,"Bernal Heights"
"51",51,140568,117,5,85,37.738736,-122.416238,"Bernal Heights"
"52",52,142177,150.5,5,262.5,37.784706,-122.48125,"Outer Richmond"
"53",53,144043,118,4.5,75,37.745475,-122.407259,"Bernal Heights"
"54",54,145886,102,5,395,37.764087,-122.41659,"Mission"
"55",55,148627,105,4.5,99,37.800941,-122.427496,"Marina"
"56",56,150848,146.714285714286,5,75,37.761995,-122.393915,"Potrero Hill"
"57",57,162934,119.833333333333,4.5,95.6666666666667,37.777606,-122.503784,"Outer Richmond"
"58",58,164207,249.571428571429,5,78.1428571428571,37.741593,-122.465782,"West of Twin Peaks"
"59",59,166199,115.857142857143,5,189.285714285714,37.761936,-122.432392,"Castro/Upper Market"
"60",60,173464,229.333333333333,5,79.6666666666667,37.776376,-122.470534,"Inner Richmond"
"61",61,176092,231.833333333333,5,117,37.752717,-122.40934,"Mission"
"62",62,178740,105,5,178,37.77818,-122.454203,"Inner Richmond"
"63",63,183859,132.714285714286,5,224,37.736257,-122.43677,"Glen Park"
"64",64,185289,198.4,4.5,112,37.76467,-122.422802,"Mission"
"65",65,189068,108,5,80,37.738564,-122.416871,"Bernal Heights"
"66",66,191632,255.285714285714,5,130.714285714286,37.773109,-122.449786,"Haight Ashbury"
"67",67,198937,146,5,169,37.755532,-122.471347,"Inner Sunset"
"68",68,199480,109.4,5,79.2,37.745567,-122.411873,"Bernal Heights"
"69",69,201579,168,5,282.142857142857,37.777557,-122.433264,"Western Addition"
"70",70,203621,289.857142857143,4.5,65,37.735226,-122.394379,"Bayview"
"71",71,205842,486.428571428571,5,200,37.764874,-122.397627,"Potrero Hill"
"72",72,207980,210.285714285714,5,295,37.744459,-122.437757,"Noe Valley"
"73",73,208831,321.857142857143,5,147.428571428571,37.802421,-122.414402,"Russian Hill"
"74",74,209514,235.428571428571,4.5,99.1428571428571,37.771184,-122.449626,"Haight Ashbury"
"75",75,212297,114,4.5,120,37.767458,-122.423236,"Mission"
"76",76,212783,230.428571428571,4.5,103.571428571429,37.771079,-122.449418,"Haight Ashbury"
"77",77,213532,255.428571428571,4.5,83,37.770848,-122.448113,"Haight Ashbury"
"78",78,220418,244.571428571429,4.5,86.5714285714286,37.770421,-122.450193,"Haight Ashbury"
"79",79,221342,103,4.75,139,37.802811,-122.415396,"Russian Hill"
"80",80,225205,230.571428571429,4.5,75,37.760967,-122.42313,"Mission"
"81",81,225933,136.142857142857,5,90.5714285714286,37.768403,-122.430861,"Castro/Upper Market"
"82",82,229240,197.285714285714,4.5,57.8571428571429,37.793414,-122.403399,"Financial District"
"83",83,232492,142,5,259,37.790649,-122.41828,"Nob Hill"
"84",84,233431,107,5,130.714285714286,37.728473,-122.440788,"Outer Mission"
"85",85,238190,112.714285714286,5,101.285714285714,37.803009,-122.415809,"Russian Hill"
"86",86,238204,125.571428571429,4.5,139.571428571429,37.741739,-122.504347,"Parkside"
"87",87,238658,122.857142857143,4.5,69.8571428571429,37.735532,-122.419594,"Bernal Heights"
"88",88,241235,186.142857142857,4.5,45,37.792708,-122.403826,"Financial District"
"89",89,252321,108.571428571429,4.5,61.4285714285714,37.726572,-122.427888,"Excelsior"
"90",90,256148,402.142857142857,5,124.285714285714,37.761883,-122.442153,"Castro/Upper Market"
"91",91,256176,174.714285714286,5,97.8571428571429,37.775792,-122.455045,"Inner Richmond"
"92",92,258873,260,4.5,89,37.801335,-122.407138,"North Beach"
"93",93,259622,120.571428571429,4.5,51.4285714285714,37.79441,-122.404725,"Financial District"
"94",94,271505,153.428571428571,5,162.142857142857,37.766388,-122.429257,"Castro/Upper Market"
"95",95,277339,241.571428571429,5,137.142857142857,37.726814,-122.434191,"Outer Mission"
"96",96,283081,115.714285714286,4.5,104.285714285714,37.756004,-122.438728,"Castro/Upper Market"
"97",97,283977,123.571428571429,5,107.142857142857,37.755968,-122.436477,"Noe Valley"
"98",98,284117,136.285714285714,4.5,130,37.74334,-122.429316,"Noe Valley"
"99",99,287967,131,5,225,37.766721,-122.427899,"Castro/Upper Market"
"100",100,288213,110.142857142857,5,190,37.759713,-122.388333,"Potrero Hill"
"101",101,297897,126,5,238.142857142857,37.75737,-122.506194,"Outer Sunset"
"102",102,300589,207.571428571429,5,86.1428571428571,37.744338,-122.472661,"Parkside"
"103",103,334339,106.571428571429,5,94.7142857142857,37.762951,-122.442592,"Castro/Upper Market"
"104",104,334886,106.714285714286,5,130.571428571429,37.804325,-122.446014,"Marina"
"105",105,348714,236,5,156.571428571429,37.773065,-122.442933,"Haight Ashbury"
"106",106,350391,117.25,5,175.25,37.746035,-122.437146,"Noe Valley"
"107",107,351821,107.75,4.625,272,37.758697,-122.411078,"Mission"
"108",108,351881,244,5,128.428571428571,37.761742,-122.443388,"Castro/Upper Market"
"109",109,352165,129,4.5,115,37.758133,-122.435501,"Castro/Upper Market"
"110",110,365275,157.714285714286,4.5,121.571428571429,37.735012,-122.420447,"Bernal Heights"
"111",111,371595,161.714285714286,5,120.714285714286,37.781443,-122.456349,"Presidio Heights"
"112",112,379349,142.571428571429,4.5,125,37.766481,-122.44542,"Haight Ashbury"
"113",113,384689,120.5,5,115,37.756389,-122.415123,"Mission"
"114",114,394575,255.428571428571,5,149,37.742481,-122.410688,"Bernal Heights"
"115",115,406930,203,5,110,37.759331,-122.424085,"Mission"
"116",116,431632,139,4.5,125,37.781354,-122.482656,"Outer Richmond"
"117",117,431974,162,4.5,87.3333333333333,37.746699,-122.436581,"Noe Valley"
"118",118,437385,133.571428571429,5,115.142857142857,37.778837,-122.505347,"Outer Richmond"
"119",119,440179,167,5,180,37.775764,-122.473451,"Inner Richmond"
"120",120,450551,148.8,4.6,150,37.800623,-122.428658,"Marina"
"121",121,465723,290.428571428571,5,150,37.738533,-122.471659,"Parkside"
"122",122,467507,127.285714285714,5,142.142857142857,37.746868,-122.409644,"Bernal Heights"
"123",123,470686,178.428571428571,5,125,37.767306,-122.42542,"Mission"
"124",124,472065,105,5,590,37.787745,-122.414348,"Downtown/Civic Center"
"125",125,472901,178.4,5,179.4,37.772965,-122.403015,"South of Market"
"126",126,479072,114.571428571429,4.5,129,37.757556,-122.436397,"Castro/Upper Market"
"127",127,487499,164.8,5,195,37.760986,-122.42183,"Mission"
"128",128,488297,146.714285714286,5,399,37.756133,-122.440661,"Noe Valley"
"129",129,488359,145,5,193.571428571429,37.762142,-122.431482,"Castro/Upper Market"
"130",130,490215,270,5,129,37.79883,-122.410453,"Russian Hill"
"131",131,499096,113.142857142857,4.92857142857143,101.428571428571,37.758528,-122.423871,"Mission"
"132",132,504643,140,5,102.571428571429,37.757811,-122.485814,"Outer Sunset"
"133",133,515430,199,5,144.714285714286,37.744407,-122.428259,"Noe Valley"
"134",134,516836,218.285714285714,5,133.857142857143,37.759334,-122.403672,"Potrero Hill"
"135",135,524325,215.333333333333,4.5,75,37.77881,-122.433893,"Western Addition"
"136",136,536929,223,5,245,37.721951,-122.443793,"Outer Mission"
"137",137,537602,189.142857142857,5,99.2857142857143,37.771789,-122.428607,"Western Addition"
"138",138,541588,163,5,112.5,37.74912,-122.434815,"Noe Valley"
"139",139,545685,422.714285714286,4.5,76.1428571428571,37.77619,-122.482308,"Outer Richmond"
"140",140,548765,103,5,256,37.755249,-122.409914,"Mission"
"141",141,551851,113.285714285714,5,152.142857142857,37.767329,-122.437336,"Castro/Upper Market"
"142",142,551865,153,5,142.142857142857,37.767227,-122.437682,"Castro/Upper Market"
"143",143,561602,108.428571428571,5,92.8571428571429,37.745208,-122.419384,"Bernal Heights"
"144",144,562311,147.571428571429,5,80,37.761487,-122.408738,"Mission"
"145",145,567239,375.428571428571,5,95,37.744724,-122.436988,"Noe Valley"
"146",146,568161,224.428571428571,5,68,37.732795,-122.437005,"Outer Mission"
"147",147,581216,186.714285714286,4.92857142857143,195.714285714286,37.801718,-122.435013,"Marina"
"148",148,585225,340.714285714286,5,81,37.745553,-122.433837,"Noe Valley"
"149",149,585326,360.285714285714,4.5,67.5714285714286,37.776322,-122.480672,"Outer Richmond"
"150",150,593253,168.571428571429,5,98.5714285714286,37.770231,-122.42957,"Western Addition"
"151",151,594387,125,5,650,37.753008,-122.436855,"Noe Valley"
"152",152,598271,184.857142857143,5,123.571428571429,37.759425,-122.403976,"Potrero Hill"
"153",153,606555,108.857142857143,5,914.285714285714,37.780743,-122.403371,"South of Market"
"154",154,625655,108,5,89,37.727226,-122.439151,"Outer Mission"
"155",155,625935,136.428571428571,5,140,37.757018,-122.421295,"Mission"
"156",156,644948,125.714285714286,5,98.5714285714286,37.753106,-122.426732,"Noe Valley"
"157",157,648086,113.666666666667,5,79,37.740379,-122.417545,"Bernal Heights"
"158",158,654279,191.714285714286,5,85,37.74514,-122.404587,"Bayview"
"159",159,658588,154.714285714286,5,238.571428571429,37.756032,-122.446435,"Twin Peaks"
"160",160,664307,261.857142857143,4.5,84.7142857142857,37.752916,-122.418747,"Mission"
"161",161,676228,256.142857142857,4.5,109.142857142857,37.728587,-122.454518,"West of Twin Peaks"
"162",162,678556,245.285714285714,5,130,37.774313,-122.452362,"Haight Ashbury"
"163",163,680288,172.714285714286,5,140,37.75192,-122.413651,"Mission"
"164",164,681521,106,5,130,37.799722,-122.42588,"Marina"
"165",165,699195,131.142857142857,5,150,37.804331,-122.434688,"Marina"
"166",166,708731,150.142857142857,4.5,120,37.782212,-122.437079,"Western Addition"
"167",167,713877,317,4.6,145,37.763695,-122.453037,"Inner Sunset"
"168",168,714955,118,4.5,89,37.735395,-122.385527,"Bayview"
"169",169,719431,177.142857142857,5,87.5714285714286,37.74028,-122.46885,"West of Twin Peaks"
"170",170,720811,128.571428571429,4.92857142857143,130.714285714286,37.775711,-122.462961,"Inner Richmond"
"171",171,727866,292.142857142857,5,127,37.747806,-122.503161,"Outer Sunset"
"172",172,727969,156.285714285714,5,200,37.75354,-122.433717,"Noe Valley"
"173",173,728585,151.571428571429,5,137.571428571429,37.749354,-122.435318,"Noe Valley"
"174",174,734839,158.5,5,330,37.801526,-122.4094,"North Beach"
"175",175,746079,232,5,100,37.760634,-122.446176,"Castro/Upper Market"
"176",176,748222,392.571428571429,5,74.5714285714286,37.756212,-122.415546,"Mission"
"177",177,748256,383.857142857143,5,78.5714285714286,37.754954,-122.416831,"Mission"
"178",178,752607,174.142857142857,4.78571428571429,295.857142857143,37.76411,-122.421587,"Mission"
"179",179,754117,108.166666666667,5,285,37.770464,-122.447715,"Haight Ashbury"
"180",180,756670,119.5,4.5,265,37.774577,-122.428925,"Western Addition"
"181",181,767788,263.428571428571,4.5,79,37.773053,-122.498886,"Outer Richmond"
"182",182,770991,107,5,137,37.742585,-122.428042,"Noe Valley"
"183",183,773370,161.2,5,139,37.744181,-122.477319,"Parkside"
"184",184,774323,244.285714285714,5,124.285714285714,37.760221,-122.425508,"Mission"
"185",185,779973,149,4.5,174,37.785031,-122.401005,"Financial District"
"186",186,783149,130.428571428571,5,250,37.767123,-122.448708,"Haight Ashbury"
"187",187,794626,115.5,4.5,118.333333333333,37.72924,-122.42653,"Excelsior"
"188",188,795254,113.285714285714,5,125,37.770311,-122.432421,"Western Addition"
"189",189,808660,189,4.5,107.428571428571,37.784603,-122.443887,"Western Addition"
"190",190,840986,129.571428571429,5,145,37.746409,-122.411628,"Bernal Heights"
"191",191,845480,146.285714285714,4.5,56.1428571428571,37.708846,-122.430768,"Crocker Amazon"
"192",192,845501,143.714285714286,4.5,48.7142857142857,37.709779,-122.430795,"Crocker Amazon"
"193",193,848578,113.142857142857,4.35714285714286,49.2857142857143,37.709877,-122.430829,"Crocker Amazon"
"194",194,849858,112.285714285714,5,91.4285714285714,37.737739,-122.41622,"Bernal Heights"
"195",195,859336,179.857142857143,5,87,37.768973,-122.438546,"Haight Ashbury"
"196",196,867530,147.166666666667,4.5,120,37.738222,-122.422334,"Bernal Heights"
"197",197,877124,233.428571428571,5,95,37.775546,-122.40948,"South of Market"
"198",198,878935,156.714285714286,5,176.142857142857,37.764645,-122.467802,"Inner Sunset"
"199",199,882409,251,4.85714285714286,80,37.775885,-122.409023,"South of Market"
"200",200,882424,223.285714285714,5,90,37.777889,-122.410672,"South of Market"
"201",201,883937,104,5,165,37.746501,-122.409893,"Bernal Heights"
"202",202,884770,106.5,4.5,99.5,37.803167,-122.418407,"Russian Hill"
"203",203,896938,266.285714285714,4.92857142857143,62.1428571428571,37.763748,-122.449613,"Haight Ashbury"
"204",204,909063,157.285714285714,5,81.8571428571429,37.766051,-122.420662,"Mission"
"205",205,910338,190.333333333333,4.5,136,37.787155,-122.411901,"Downtown/Civic Center"
"206",206,918341,308.428571428571,5,200,37.763699,-122.397355,"Potrero Hill"
"207",207,929468,218.714285714286,4.85714285714286,136.428571428571,37.759516,-122.445586,"Castro/Upper Market"
"208",208,937842,144.142857142857,4.5,206.571428571429,37.759911,-122.410649,"Mission"
"209",209,960593,396.142857142857,4.5,90,37.771494,-122.437317,"Haight Ashbury"
"210",210,964751,160,5,140,37.778418,-122.457957,"Inner Richmond"
"211",211,971069,101,4.5,119,37.798439,-122.410497,"Russian Hill"
"212",212,971116,124,5,118.75,37.777131,-122.441584,"Western Addition"
"213",213,971449,196.285714285714,5,129,37.763124,-122.46015,"Inner Sunset"
"214",214,980783,129.2,5,190,37.764602,-122.404146,"Potrero Hill"
"215",215,992676,339.285714285714,5,136.428571428571,37.73485,-122.434065,"Glen Park"
"216",216,992913,287,4,77,37.800554,-122.405619,"North Beach"
"217",217,997382,251.142857142857,4.5,53,37.770303,-122.450207,"Haight Ashbury"
"218",218,998701,134.714285714286,5,95,37.761087,-122.506694,"Outer Sunset"
"219",219,1001583,183,4.5,79,37.752167,-122.408256,"Mission"
"220",220,1005642,169,5,90.1428571428571,37.762022,-122.423347,"Mission"
"221",221,1033012,170.714285714286,5,68.7142857142857,37.762787,-122.429028,"Castro/Upper Market"
"222",222,1033754,107,5,250,37.759745,-122.505438,"Outer Sunset"
"223",223,1043282,281.142857142857,5,98.5714285714286,37.758553,-122.445299,"Castro/Upper Market"
"224",224,1053945,128.857142857143,4.5,150,37.770601,-122.450745,"Haight Ashbury"
"225",225,1056356,135.75,5,120,37.740569,-122.415686,"Bernal Heights"
"226",226,1056688,101.833333333333,5,600,37.747275,-122.4175,"Bernal Heights"
"227",227,1056844,104,5,75,37.790096,-122.395933,"Financial District"
"228",228,1069167,177.285714285714,4.5,75.8571428571429,37.741677,-122.382578,"Bayview"
"229",229,1072791,197,5,106.428571428571,37.77745,-122.453205,"Inner Richmond"
"230",230,1074231,111,4.5,166.666666666667,37.773008,-122.449283,"Haight Ashbury"
"231",231,1093088,158.142857142857,5,68,37.767777,-122.424338,"Mission"
"232",232,1094481,140,5,125,37.738727,-122.416983,"Bernal Heights"
"233",233,1104362,103.5,5,192,37.762252,-122.432316,"Castro/Upper Market"
"234",234,1110346,133.142857142857,5,98,37.791493,-122.415288,"Nob Hill"
"235",235,1113230,127.857142857143,5,176.428571428571,37.762627,-122.427315,"Castro/Upper Market"
"236",236,1117756,293.857142857143,5,105.857142857143,37.750521,-122.407357,"Mission"
"237",237,1122014,132.714285714286,4.5,275,37.771823,-122.430838,"Western Addition"
"238",238,1124499,136.6,4.5,135,37.745035,-122.411651,"Bernal Heights"
"239",239,1126710,163.571428571429,5,100,37.7787,-122.454818,"Inner Richmond"
"240",240,1144121,117.142857142857,5,102.285714285714,37.766449,-122.427851,"Castro/Upper Market"
"241",241,1148625,172.714285714286,5,66.4285714285714,37.767386,-122.444669,"Haight Ashbury"
"242",242,1150867,222.428571428571,5,245.714285714286,37.768464,-122.438629,"Castro/Upper Market"
"243",243,1183521,164,5,100,37.776575,-122.478823,"Outer Richmond"
"244",244,1191586,104.5,5,129,37.742443,-122.410019,"Bernal Heights"
"245",245,1193395,322,4.5,59,37.752788,-122.40605,"Mission"
"246",246,1197716,172.857142857143,5,189,37.763871,-122.460879,"Inner Sunset"
"247",247,1203172,126.285714285714,5,110,37.7432,-122.409359,"Bernal Heights"
"248",248,1203526,120.833333333333,4.5,99,37.771391,-122.447295,"Haight Ashbury"
"249",249,1205031,107.428571428571,5,122.857142857143,37.776214,-122.39703,"South of Market"
"250",250,1206184,164.666666666667,4.5,89,37.771126,-122.446165,"Haight Ashbury"
"251",251,1206233,210.833333333333,4,79,37.770276,-122.447573,"Haight Ashbury"
"252",252,1206261,105.666666666667,4.5,99,37.771069,-122.448744,"Haight Ashbury"
"253",253,1226596,109,4.5,89,37.734889,-122.426413,"Bernal Heights"
"254",254,1246891,117.571428571429,5,171.857142857143,37.76393,-122.435022,"Castro/Upper Market"
"255",255,1255826,161.857142857143,5,155,37.770487,-122.428687,"Western Addition"
"256",256,1259611,101,5,165,37.770765,-122.43935,"Haight Ashbury"
"257",257,1261074,102,5,119,37.766928,-122.431025,"Castro/Upper Market"
"258",258,1264260,107,4.5,202.833333333333,37.801954,-122.42973,"Marina"
"259",259,1271318,179.285714285714,5,189,37.757081,-122.434119,"Castro/Upper Market"
"260",260,1276744,132.714285714286,4.5,358,37.780228,-122.406797,"South of Market"
"261",261,1277771,258.285714285714,4.5,187.142857142857,37.785236,-122.476276,"Inner Richmond"
"262",262,1279292,135.714285714286,5,250,37.762901,-122.435514,"Castro/Upper Market"
"263",263,1281167,161.714285714286,5,180,37.787294,-122.409437,"Downtown/Civic Center"
"264",264,1292198,132,4.5,91.2857142857143,37.766952,-122.436617,"Castro/Upper Market"
"265",265,1296106,145.142857142857,4.5,83.7142857142857,37.762864,-122.457478,"Inner Sunset"
"266",266,1323983,108.5,5,70,37.765922,-122.436431,"Castro/Upper Market"
"267",267,1326577,168.285714285714,5,125,37.719686,-122.451626,"Ocean View"
"268",268,1332343,169.142857142857,5,134.857142857143,37.769695,-122.436194,"Haight Ashbury"
"269",269,1333047,134,5,137.714285714286,37.749935,-122.414521,"Mission"
"270",270,1336450,149.833333333333,5,186.666666666667,37.74592,-122.419971,"Bernal Heights"
"271",271,1336921,124,5,81.4285714285714,37.791215,-122.417952,"Nob Hill"
"272",272,1336998,225.857142857143,5,87.1428571428571,37.777787,-122.437754,"Western Addition"
"273",273,1337098,129.142857142857,4.5,155,37.761497,-122.503735,"Outer Sunset"
"274",274,1343385,106.857142857143,5,185,37.785816,-122.444091,"Western Addition"
"275",275,1344752,107,4.5,329,37.785581,-122.444136,"Western Addition"
"276",276,1356129,133,4.5,98,37.750835,-122.423411,"Mission"
"277",277,1356240,130.428571428571,4.5,120,37.752068,-122.412342,"Mission"
"278",278,1356817,107,5,149.5,37.777721,-122.40411,"South of Market"
"279",279,1370128,149.571428571429,4.5,117.428571428571,37.775322,-122.426677,"Western Addition"
"280",280,1392204,121.714285714286,5,99.4285714285714,37.733508,-122.460566,"West of Twin Peaks"
"281",281,1393654,276.571428571429,5,77,37.752381,-122.458672,"Inner Sunset"
"282",282,1407881,169.714285714286,5,157.142857142857,37.763613,-122.430629,"Castro/Upper Market"
"283",283,1408281,227.285714285714,5,41.5714285714286,37.764332,-122.436643,"Castro/Upper Market"
"284",284,1408932,105,5,76,37.743887,-122.411293,"Bernal Heights"
"285",285,1412609,156,5,150,37.73933,-122.471638,"Parkside"
"286",286,1417398,116.4,5,97.4,37.757256,-122.412537,"Mission"
"287",287,1421774,210,5,135.571428571429,37.766499,-122.436063,"Castro/Upper Market"
"288",288,1421937,104.166666666667,5,111,37.733102,-122.460636,"West of Twin Peaks"
"289",289,1433917,119.5,5,195,37.758668,-122.434541,"Castro/Upper Market"
"290",290,1460628,102.666666666667,4.5,150,37.778783,-122.462565,"Inner Richmond"
"291",291,1462428,118,4.5,193.428571428571,37.768534,-122.431834,"Castro/Upper Market"
"292",292,1471683,241.857142857143,5,132.142857142857,37.770417,-122.428557,"Western Addition"
"293",293,1484792,129.5,5,250,37.777946,-122.421777,"Downtown/Civic Center"
"294",294,1487849,157.571428571429,4.5,117.142857142857,37.746691,-122.40586,"Bernal Heights"
"295",295,1489501,123.285714285714,4.5,135,37.749134,-122.507147,"Outer Sunset"
"296",296,1510363,152.428571428571,5,138.571428571429,37.728568,-122.452149,"Outer Mission"
"297",297,1511076,203.142857142857,5,145,37.763465,-122.425003,"Mission"
"298",298,1525137,136.142857142857,5,210,37.787788,-122.443928,"Pacific Heights"
"299",299,1530721,112,4.5,78,37.783569,-122.476038,"Inner Richmond"
"300",300,1533378,258.857142857143,4.5,95,37.758494,-122.401348,"Potrero Hill"
"301",301,1543266,174,5,195,37.74993,-122.406552,"Mission"
"302",302,1556680,190.714285714286,4.78571428571429,140.714285714286,37.773732,-122.499641,"Outer Richmond"
"303",303,1573742,166,5,250,37.744213,-122.425049,"Noe Valley"
"304",304,1578597,266.142857142857,4.92857142857143,170.428571428571,37.758577,-122.401522,"Potrero Hill"
"305",305,1584021,105.5,5,372,37.766626,-122.420195,"Mission"
"306",306,1596696,140.285714285714,5,138.571428571429,37.780241,-122.443452,"Western Addition"
"307",307,1612702,144,5,98.7142857142857,37.747642,-122.441689,"Noe Valley"
"308",308,1615088,104,5,76,37.780095,-122.438648,"Western Addition"
"309",309,1615158,101,5,100,37.755783,-122.498341,"Outer Sunset"
"310",310,1623609,132.571428571429,5,155,37.759423,-122.407542,"Mission"
"311",311,1660173,170.333333333333,4,195,37.75212,-122.414439,"Mission"
"312",312,1665516,106.5,5,150,37.780002,-122.482528,"Outer Richmond"
"313",313,1669283,135.571428571429,4.5,185,37.798026,-122.411509,"Russian Hill"
"314",314,1671260,106,5,120,37.761826,-122.393123,"Potrero Hill"
"315",315,1692470,245.142857142857,5,109.428571428571,37.76011,-122.423633,"Mission"
"316",316,1696666,105.166666666667,4.5,650,37.777219,-122.436556,"Western Addition"
"317",317,1699390,129.166666666667,4.5,110,37.75154,-122.420379,"Mission"
"318",318,1713391,101,5,235,37.794301,-122.419926,"Nob Hill"
"319",319,1724819,154,5,333,37.758598,-122.45049,"Twin Peaks"
"320",320,1725853,259.285714285714,5,129.857142857143,37.747328,-122.489515,"Outer Sunset"
"321",321,1738415,243.5,5,99.6666666666667,37.77358,-122.428064,"Western Addition"
"322",322,1747195,212.571428571429,5,100,37.777842,-122.411154,"South of Market"
"323",323,1755158,130.857142857143,4.5,125,37.775051,-122.498288,"Outer Richmond"
"324",324,1759087,107.2,5,205,37.764921,-122.397224,"Potrero Hill"
"325",325,1767543,160.428571428571,4.5,337.428571428571,37.779763,-122.442756,"Western Addition"
"326",326,1769688,112.4,5,83,37.779601,-122.441993,"Western Addition"
"327",327,1815551,146.142857142857,5,250,37.750449,-122.427853,"Noe Valley"
"328",328,1826125,102,5,97,37.72024,-122.466631,"Ocean View"
"329",329,1827177,119.857142857143,5,61.2857142857143,37.764652,-122.436367,"Castro/Upper Market"
"330",330,1827653,124.428571428571,5,90,37.77794,-122.445116,"Western Addition"
"331",331,1830541,157.571428571429,5,110,37.778448,-122.468927,"Inner Richmond"
"332",332,1831361,139.142857142857,5,180.714285714286,37.769255,-122.424218,"Mission"
"333",333,1841832,158.571428571429,4.64285714285714,136.857142857143,37.794929,-122.415176,"Nob Hill"
"334",334,1855096,160.714285714286,5,182.857142857143,37.764579,-122.393354,"Potrero Hill"
"335",335,1857709,125.857142857143,5,210.285714285714,37.80355,-122.41874,"Russian Hill"
"336",336,1914873,119,5,365,37.769742,-122.429703,"Western Addition"
"337",337,1915079,118,5,250,37.762087,-122.433783,"Castro/Upper Market"
"338",338,1919372,194.428571428571,5,175,37.7757,-122.438472,"Haight Ashbury"
"339",339,1920033,269.285714285714,5,88,37.75389,-122.458017,"Inner Sunset"
"340",340,1926261,173.6,5,128,37.782571,-122.422263,"Downtown/Civic Center"
"341",341,1931763,117.857142857143,4.5,141.142857142857,37.761182,-122.419111,"Mission"
"342",342,1984709,246.571428571429,5,155.714285714286,37.762609,-122.501462,"Outer Sunset"
"343",343,1989997,181.571428571429,5,98.4285714285714,37.772721,-122.43973,"Haight Ashbury"
"344",344,1992217,196.428571428571,5,169.714285714286,37.75619,-122.428809,"Noe Valley"
"345",345,1995316,143.428571428571,5,134.285714285714,37.746198,-122.411947,"Bernal Heights"
"346",346,1995487,333.571428571429,5,233.714285714286,37.759935,-122.421377,"Mission"
"347",347,1998111,214,4.5,67.4285714285714,37.724406,-122.435169,"Outer Mission"
"348",348,1999524,159,5,266.285714285714,37.764124,-122.433754,"Castro/Upper Market"
"349",349,1999959,101,5,154,37.803996,-122.417389,"Russian Hill"
"350",350,2007569,180.833333333333,5,100,37.755158,-122.461169,"Inner Sunset"
"351",351,2016198,137.285714285714,4.5,82.5714285714286,37.745753,-122.500323,"Outer Sunset"
"352",352,2042095,135.857142857143,5,116.285714285714,37.732853,-122.442349,"Outer Mission"
"353",353,2046634,231.285714285714,5,67.5714285714286,37.724828,-122.436088,"Outer Mission"
"354",354,2047469,243,4.5,70.4285714285714,37.724915,-122.435155,"Outer Mission"
"355",355,2048834,114.142857142857,4.5,110,37.77803,-122.440168,"Western Addition"
"356",356,2049955,105.857142857143,5,218,37.774954,-122.461809,"Inner Richmond"
"357",357,2056543,112,5,95,37.73041,-122.411821,"Excelsior"
"358",358,2066085,115.714285714286,5,122.857142857143,37.767688,-122.43866,"Castro/Upper Market"
"359",359,2070192,104.5,5,142.5,37.773722,-122.428758,"Western Addition"
"360",360,2072177,106.666666666667,4.5,183,37.806084,-122.44087,"Marina"
"361",361,2074584,122.142857142857,5,200.142857142857,37.760253,-122.416631,"Mission"
"362",362,2088622,210.285714285714,4.5,67.5714285714286,37.724783,-122.436092,"Outer Mission"
"363",363,2105714,102.4,5,82,37.795752,-122.425217,"Pacific Heights"
"364",364,2112118,159.142857142857,5,120.428571428571,37.780864,-122.459974,"Inner Richmond"
"365",365,2119773,166.714285714286,5,100.714285714286,37.718469,-122.451813,"Ocean View"
"366",366,2123469,114.857142857143,5,131,37.773728,-122.463129,"Inner Richmond"
"367",367,2126868,101,4.5,47,37.733766,-122.46429,"West of Twin Peaks"
"368",368,2134475,216.428571428571,5,137.857142857143,37.799074,-122.445845,"Marina"
"369",369,2160504,136.142857142857,5,90,37.726846,-122.43873,"Outer Mission"
"370",370,2166428,120,5,98,37.766876,-122.446457,"Haight Ashbury"
"371",371,2170688,142.6,5,153,37.745609,-122.425622,"Noe Valley"
"372",372,2178509,220.714285714286,5,93.5714285714286,37.741277,-122.421547,"Bernal Heights"
"373",373,2182851,196.428571428571,4.5,104.857142857143,37.765212,-122.416529,"Mission"
"374",374,2188919,128.571428571429,4.5,98.7142857142857,37.766021,-122.4165,"Mission"
"375",375,2188976,168.714285714286,4.5,100.142857142857,37.764565,-122.413832,"Mission"
"376",376,2198399,180.285714285714,4.5,99.1428571428571,37.765146,-122.416076,"Mission"
"377",377,2203283,169.857142857143,5,60.7142857142857,37.779809,-122.468413,"Inner Richmond"
"378",378,2223743,123.142857142857,4.5,77.1428571428571,37.737279,-122.415705,"Bernal Heights"
"379",379,2236694,101,5,95,37.750827,-122.410726,"Mission"
"380",380,2244546,132.666666666667,5,286.666666666667,37.764867,-122.440682,"Castro/Upper Market"
"381",381,2253836,119.857142857143,5,197,37.791835,-122.419052,"Nob Hill"
"382",382,2272556,126,5,140,37.758384,-122.401442,"Potrero Hill"
"383",383,2274353,134.428571428571,4.5,137,37.726847,-122.437393,"Outer Mission"
"384",384,2315086,157.285714285714,5,147.142857142857,37.786286,-122.445696,"Western Addition"
"385",385,2331166,117.571428571429,5,83,37.773338,-122.500904,"Outer Richmond"
"386",386,2333058,112.857142857143,4.5,99,37.731581,-122.390363,"Bayview"
"387",387,2349483,116.8,5,118,37.759351,-122.398674,"Potrero Hill"
"388",388,2356531,191,4.5,169,37.791,-122.418702,"Nob Hill"
"389",389,2356554,107.833333333333,5,125,37.733518,-122.417064,"Bernal Heights"
"390",390,2361587,154,4.5,275,37.774676,-122.455413,"Inner Richmond"
"391",391,2372569,119.333333333333,5,79,37.76298,-122.461855,"Inner Sunset"
"392",392,2374370,209.285714285714,5,99,37.787841,-122.430822,"Western Addition"
"393",393,2395993,156.571428571429,5,186.857142857143,37.757548,-122.442713,"Castro/Upper Market"
"394",394,2396847,175.285714285714,5,123.571428571429,37.779151,-122.478573,"Outer Richmond"
"395",395,2430258,111,4.5,195,37.746485,-122.506014,"Outer Sunset"
"396",396,2448356,133,5,95,37.797058,-122.423923,"Pacific Heights"
"397",397,2455325,152.5,5,277.5,37.785022,-122.465302,"Inner Richmond"
"398",398,2461006,129.571428571429,4.5,109.428571428571,37.730838,-122.410478,"Excelsior"
"399",399,2471457,191.285714285714,5,169.285714285714,37.762227,-122.432808,"Castro/Upper Market"
"400",400,2479366,170,5,160,37.762127,-122.440066,"Castro/Upper Market"
"401",401,2496086,108,5,185,37.728414,-122.423138,"Excelsior"
"402",402,2508480,155.857142857143,5,99,37.756371,-122.400461,"Potrero Hill"
"403",403,2518781,194.428571428571,5,123.285714285714,37.742201,-122.419917,"Bernal Heights"
"404",404,2538807,113.714285714286,5,77.5714285714286,37.742995,-122.466635,"West of Twin Peaks"
"405",405,2592518,114.142857142857,5,290,37.776687,-122.409271,"South of Market"
"406",406,2628247,199.714285714286,4.5,174.142857142857,37.78512,-122.448633,"Presidio Heights"
"407",407,2628957,166.428571428571,5,225,37.753889,-122.449697,"Twin Peaks"
"408",408,2670842,103,4.5,250,37.797738,-122.432893,"Marina"
"409",409,2670951,114.4,5,349,37.78249,-122.459082,"Inner Richmond"
"410",410,2677288,180.714285714286,5,105.285714285714,37.761609,-122.4324,"Castro/Upper Market"
"411",411,2728615,109.6,5,295,37.789945,-122.407515,"Downtown/Civic Center"
"412",412,2736358,162,5,185,37.767465,-122.444827,"Haight Ashbury"
"413",413,2748298,106,4.5,90,37.771066,-122.429492,"Western Addition"
"414",414,2756856,228.714285714286,5,99,37.787188,-122.430333,"Western Addition"
"415",415,2770268,103,4.5,105,37.759834,-122.396596,"Potrero Hill"
"416",416,2771688,129,4.5,208,37.751353,-122.417659,"Mission"
"417",417,2771966,107.666666666667,5,128,37.773136,-122.410397,"South of Market"
"418",418,2782602,244.714285714286,4.5,124.714285714286,37.761031,-122.423131,"Mission"
"419",419,2783251,108.2,5,184,37.804158,-122.418708,"Russian Hill"
"420",420,2802418,125.571428571429,4.64285714285714,80.7142857142857,37.773467,-122.499008,"Outer Richmond"
"421",421,2876562,204.857142857143,5,175,37.754698,-122.436576,"Noe Valley"
"422",422,2887744,117,5,700,37.777108,-122.442951,"Western Addition"
"423",423,2933105,107,5,104,37.769122,-122.431988,"Castro/Upper Market"
"424",424,2944843,188.142857142857,5,103.857142857143,37.754881,-122.49496,"Outer Sunset"
"425",425,2947746,130.4,4,79.6,37.750433,-122.433987,"Noe Valley"
"426",426,2956406,257.714285714286,5,99.8571428571429,37.757936,-122.489536,"Outer Sunset"
"427",427,2984463,128.571428571429,5,142.857142857143,37.747531,-122.42129,"Bernal Heights"
"428",428,3030653,220.285714285714,4.64285714285714,142.857142857143,37.767096,-122.424149,"Mission"
"429",429,3030931,122,5,250,37.793208,-122.413007,"Nob Hill"
"430",430,3081560,105,5,140,37.753638,-122.421541,"Mission"
"431",431,3082327,216,5,80.7142857142857,37.756766,-122.488914,"Outer Sunset"
"432",432,3105383,106,5,239,37.779758,-122.41477,"Downtown/Civic Center"
"433",433,3124541,129.714285714286,5,148.428571428571,37.762718,-122.443539,"Castro/Upper Market"
"434",434,3138935,113.857142857143,4.07142857142857,223.571428571429,37.774244,-122.45159,"Haight Ashbury"
"435",435,3199784,141.714285714286,4.5,313.142857142857,37.779612,-122.391949,"South of Market"
"436",436,3218306,115.285714285714,5,118.428571428571,37.759024,-122.444089,"Castro/Upper Market"
"437",437,3238142,148.142857142857,4.5,171.857142857143,37.755237,-122.421909,"Mission"
"438",438,3257886,231.571428571429,4.5,160,37.763909,-122.497787,"Outer Sunset"
"439",439,3257979,106.714285714286,5,52.2857142857143,37.748439,-122.469579,"Parkside"
"440",440,3258040,138.666666666667,5,325,37.758221,-122.450897,"Twin Peaks"
"441",441,3268637,289.714285714286,4.5,57.5714285714286,37.762396,-122.406562,"Mission"
"442",442,3269061,128.428571428571,4.78571428571429,78,37.763601,-122.405938,"Mission"
"443",443,3271517,145.571428571429,5,125,37.770805,-122.430178,"Western Addition"
"444",444,3277849,106,4.5,190,37.754291,-122.490518,"Outer Sunset"
"445",445,3283447,145.142857142857,5,156.714285714286,37.772831,-122.429882,"Western Addition"
"446",446,3290739,166,5,147.571428571429,37.798592,-122.436238,"Marina"
"447",447,3309722,190.142857142857,5,156.428571428571,37.738805,-122.425214,"Glen Park"
"448",448,3309928,111,5,129,37.783035,-122.453799,"Presidio Heights"
"449",449,3311711,208.857142857143,5,86.2857142857143,37.76879,-122.417432,"Mission"
"450",450,3325741,153.142857142857,4.92857142857143,79,37.755252,-122.439947,"Noe Valley"
"451",451,3333870,102,5,150,37.763508,-122.445845,"Haight Ashbury"
"452",452,3344631,123.25,4.5,208,37.751535,-122.417821,"Mission"
"453",453,3376895,108,5,60.5,37.7427735,-122.420699,"Mission"
"454",453,3376895,108,5,60.5,37.7427735,-122.420699,"Bernal Heights"
"455",454,3378124,106.8,4.5,110,37.785999,-122.4089798,"Downtown/Civic Center"
"456",455,3404981,127.857142857143,4.5,87.1428571428571,37.722461,-122.434374,"Excelsior"
"457",456,3416013,129.857142857143,5,117.857142857143,37.750913,-122.396287,"Potrero Hill"
"458",457,3441719,137.714285714286,4,61.7142857142857,37.717004,-122.467351,"Ocean View"
"459",458,3481025,154,4.5,138.142857142857,37.773909,-122.479721,"Outer Richmond"
"460",459,3486460,159.428571428571,5,115,37.757269,-122.398177,"Potrero Hill"
"461",460,3506164,190.714285714286,5,178.571428571429,37.751263,-122.42606,"Noe Valley"
"462",461,3522119,105,5,200,37.792915,-122.417757,"Nob Hill"
"463",462,3534412,256,4.5,69,37.752907,-122.406263,"Mission"
"464",463,3545312,102,4.5,100,37.770119,-122.430705,"Western Addition"
"465",464,3549398,191.142857142857,5,97,37.756435,-122.440804,"Castro/Upper Market"
"466",465,3578499,170.428571428571,5,138.285714285714,37.738397,-122.414988,"Bernal Heights"
"467",466,3586296,103,5,134.2,37.779042,-122.453417,"Inner Richmond"
"468",467,3611131,130.142857142857,4.5,133,37.778269,-122.43966,"Western Addition"
"469",468,3612236,111.571428571429,4.5,110,37.786166,-122.408425,"Downtown/Civic Center"
"470",469,3649988,120.714285714286,5,105,37.71299,-122.441326,"Crocker Amazon"
"471",470,3664261,105,5,229,37.765397,-122.437426,"Castro/Upper Market"
"472",471,3667551,130,4.5,124,37.762555,-122.421681,"Mission"
"473",472,3689368,178,4.5,219.428571428571,37.728375,-122.397801,"Bayview"
"474",473,3718865,130.428571428571,5,120,37.71954,-122.426839,"Excelsior"
"475",474,3720392,116.142857142857,5,141.142857142857,37.760991,-122.46521,"Inner Sunset"
"476",475,3721927,141,5,136.142857142857,37.759266,-122.463112,"Inner Sunset"
"477",476,3742189,114.285714285714,4.57142857142857,117.142857142857,37.765344,-122.427985,"Castro/Upper Market"
"478",477,3744863,121.571428571429,5,148.428571428571,37.754404,-122.430061,"Noe Valley"
"479",478,3759246,135.285714285714,4.5,99,37.755747,-122.479168,"Outer Sunset"
"480",479,3759368,160.142857142857,5,165,37.766103,-122.435198,"Castro/Upper Market"
"481",480,3780418,180.142857142857,5,130.714285714286,37.775765,-122.415492,"South of Market"
"482",481,3789600,136,5,550,37.794569,-122.41349,"Nob Hill"
"483",482,3793831,113.714285714286,5,189.428571428571,37.765123,-122.4268,"Castro/Upper Market"
"484",483,3801934,119,4.5,100,37.761079,-122.468045,"Inner Sunset"
"485",484,3811916,130.428571428571,5,128.142857142857,37.756556,-122.434358,"Castro/Upper Market"
"486",485,3830083,106.5,4.5,108,37.798757,-122.441842,"Marina"
"487",486,3836052,135.428571428571,5,135,37.739203,-122.416916,"Bernal Heights"
"488",487,3863281,134.833333333333,5,302.5,37.757266,-122.418732,"Mission"
"489",488,3870174,102,5,78,37.778149,-122.436969,"Western Addition"
"490",489,3946571,173,5,115,37.758197,-122.41983,"Mission"
"491",490,4013746,140.285714285714,5,145,37.750854,-122.478961,"Outer Sunset"
"492",491,4022990,118.5,4.5,129,37.797442,-122.425354,"Marina"
"493",492,4026354,129.714285714286,4.5,186.142857142857,37.744742,-122.490847,"Parkside"
"494",493,4045632,184.714285714286,4.5,90.7142857142857,37.794952,-122.412198,"Nob Hill"
"495",494,4058557,177,4.5,77.8,37.794609,-122.412132,"Nob Hill"
"496",495,4059549,109,4.5,129,37.797928,-122.425274,"Marina"
"497",496,4069838,224.142857142857,5,155.714285714286,37.726708,-122.435376,"Outer Mission"
"498",497,4077186,123.571428571429,4.5,246.428571428571,37.776274,-122.458882,"Inner Richmond"
"499",498,4092288,127.714285714286,5,128,37.757797,-122.398407,"Potrero Hill"
"500",499,4093967,110,5,129,37.744368,-122.409035,"Bernal Heights"
"501",500,4105958,107.5,5,120,37.756543,-122.466425,"Inner Sunset"
"502",501,4156390,185.285714285714,5,77.8571428571429,37.739673,-122.426944,"Glen Park"
"503",502,4171151,147.428571428571,4.5,130.428571428571,37.788467,-122.41388,"Downtown/Civic Center"
"504",503,4184406,107.75,5,95,37.768248,-122.428612,"Castro/Upper Market"
"505",504,4227441,111.428571428571,4.5,99,37.765669,-122.452784,"Haight Ashbury"
"506",505,4252808,110.8,5,130,37.75734,-122.508541,"Outer Sunset"
"507",506,4263551,103,5,158,37.739149,-122.414846,"Bernal Heights"
"508",507,4269254,130.571428571429,5,136.428571428571,37.782972,-122.43156,"Western Addition"
"509",508,4275896,109.25,4.5,66.5,37.750573,-122.417226,"Mission"
"510",509,4287481,142.714285714286,4.5,144.285714285714,37.762953,-122.483243,"Outer Sunset"
"511",510,4297539,118.571428571429,5,165.714285714286,37.756491,-122.418516,"Mission"
"512",511,4359078,116.2,4.5,129,37.797532,-122.425342,"Marina"
"513",512,4365969,132.142857142857,5,122.285714285714,37.733552,-122.430999,"Bernal Heights"
"514",513,4377982,104.833333333333,4,47.5,37.711927,-122.458247,"Ocean View"
"515",514,4380289,128.142857142857,4,46.4285714285714,37.712484,-122.458319,"Ocean View"
"516",515,4387067,258.857142857143,5,129,37.789807,-122.434112,"Pacific Heights"
"517",516,4439461,242,5,129,37.789738,-122.434392,"Pacific Heights"
"518",517,4464347,144.166666666667,4.5,46.8333333333333,37.798914,-122.406113,"North Beach"
"519",518,4480642,108.333333333333,4.5,81.6666666666667,37.75215,-122.412073,"Mission"
"520",519,4485844,106,5,84,37.753392,-122.413698,"Mission"
"521",520,4518031,145.285714285714,4.5,48.2857142857143,37.799382,-122.405487,"North Beach"
"522",521,4519757,115,4.5,55.3333333333333,37.798939,-122.405961,"North Beach"
"523",522,4519780,114.285714285714,4.5,41.5714285714286,37.798829,-122.404739,"North Beach"
"524",523,4526608,139.857142857143,4.5,96.4285714285714,37.734297,-122.38795,"Bayview"
"525",524,4559621,109.333333333333,4.5,69,37.762232,-122.421022,"Mission"
"526",525,4566275,123,4.5,300,37.778516,-122.441088,"Western Addition"
"527",526,4571468,116,5,235,37.759723,-122.4235,"Mission"
"528",527,4607177,121.4,5,144.2,37.80154,-122.40481,"North Beach"
"529",528,4614763,181.428571428571,5,153.571428571429,37.753007,-122.40405,"Mission"
"530",529,4615244,147.714285714286,5,124,37.708629,-122.461254,"Ocean View"
"531",530,4617719,172.428571428571,5,139,37.732195,-122.408153,"Excelsior"
"532",531,4631873,111.6,4.5,99,37.797858,-122.425715,"Marina"
"533",532,4663060,138.571428571429,4.57142857142857,139.285714285714,37.744713,-122.431336,"Noe Valley"
"534",533,4670847,111,4.5,87.5,37.79892,-122.404085,"North Beach"
"535",534,4710280,116.857142857143,5,172.142857142857,37.743254,-122.416393,"Bernal Heights"
"536",535,4718531,171.428571428571,5,99.2857142857143,37.778362,-122.431235,"Western Addition"
"537",536,4730653,111.8,4.5,145.8,37.749308,-122.435677,"Noe Valley"
"538",537,4782281,121,4.5,180,37.760316,-122.428858,"Castro/Upper Market"
"539",538,4833101,103.6,5,115,37.776675,-122.429621,"Western Addition"
"540",539,4882295,123.5,5,75,37.73612,-122.411097,"Bernal Heights"
"541",540,4885932,122,5,90,37.752466,-122.422883,"Mission"
"542",541,4890230,105,4.5,47,37.798751,-122.404756,"North Beach"
"543",542,4891068,110,5,80,37.752603,-122.422425,"Mission"
"544",543,4896087,132,4.5,165,37.801509,-122.419822,"Russian Hill"
"545",544,4902063,158.4,4.5,75,37.786062,-122.414956,"Downtown/Civic Center"
"546",545,4902565,192.833333333333,4.5,77.3333333333333,37.785303,-122.414474,"Downtown/Civic Center"
"547",546,4902729,115.6,4.5,76.2,37.784684,-122.414812,"Downtown/Civic Center"
"548",547,4902799,198.166666666667,4.5,67.3333333333333,37.784875,-122.415395,"Downtown/Civic Center"
"549",548,4902855,231,4.5,73,37.786589,-122.413559,"Downtown/Civic Center"
"550",549,4902907,211.4,4.5,70.2,37.78576,-122.414891,"Downtown/Civic Center"
"551",550,4909117,177,4.5,78.4285714285714,37.785978,-122.414768,"Downtown/Civic Center"
"552",551,4936887,149,5,275.428571428571,37.786593,-122.442224,"Western Addition"
"553",552,4948327,152.571428571429,4.5,55.8571428571429,37.784779,-122.468035,"Inner Richmond"
"554",553,4948340,172.857142857143,4.5,52.5714285714286,37.783542,-122.467713,"Inner Richmond"
"555",554,4956697,107.5,4.5,112,37.778183,-122.476454,"Inner Richmond"
"556",555,4957143,107.833333333333,5,225,37.778675,-122.434805,"Western Addition"
"557",556,4959980,147.285714285714,4.5,189.571428571429,37.756128,-122.484558,"Outer Sunset"
"558",557,5007321,107.2,5,223,37.765608,-122.420059,"Mission"
"559",558,5007358,209.75,4.5,78,37.78457,-122.41455,"Downtown/Civic Center"
"560",559,5013816,231.857142857143,5,129,37.789101,-122.434597,"Pacific Heights"
"561",560,5020057,111.833333333333,5,89,37.751992,-122.40421,"Mission"
"562",561,5033949,116.166666666667,4.5,162.166666666667,37.771249,-122.444696,"Haight Ashbury"
"563",562,5045601,105,4.5,149,37.76516,-122.434726,"Castro/Upper Market"
"564",563,5070054,107,4.5,110,37.785584,-122.409409,"Downtown/Civic Center"
"565",564,5091663,164.428571428571,4.5,150,37.7586,-122.431182,"Castro/Upper Market"
"566",565,5094146,101,5,70,37.742159,-122.430114,"Noe Valley"
"567",566,5117701,107,5,269,37.793722,-122.410036,"Nob Hill"
"568",567,5144482,119.666666666667,5,107.833333333333,37.744579,-122.462843,"West of Twin Peaks"
"569",568,5163082,109,4,220,37.712133,-122.457938,"Ocean View"
"570",569,5184693,107,5,56,37.775645,-122.40068,"South of Market"
"571",570,5193765,113,5,129,37.801047,-122.433035,"Marina"
"572",571,5196399,112.857142857143,5,49,37.756869,-122.414603,"Mission"
"573",572,5202841,114,4.5,225,37.802195,-122.421711,"Russian Hill"
"574",573,5218022,102,5,50,37.732583,-122.398788,"Bayview"
"575",574,5229280,118.142857142857,4.5,135.571428571429,37.73886,-122.477766,"Parkside"
"576",575,5253439,101,5,49,37.757834,-122.413087,"Mission"
"577",576,5338610,161.857142857143,5,129,37.795029,-122.433636,"Pacific Heights"
"578",577,5346803,105,5,151,37.773083,-122.434174,"Western Addition"
"579",578,5394389,115.166666666667,5,68,37.761163,-122.434291,"Castro/Upper Market"
"580",579,5415450,106.333333333333,5,66,37.7479,-122.446278,"Twin Peaks"
"581",580,5446565,117.8,4.5,180,37.769998,-122.419841,"Mission"
"582",581,5470034,109.333333333333,4,59,37.760544,-122.421676,"Mission"
"583",582,5547500,110,5,102,37.757089,-122.443227,"Twin Peaks"
"584",583,5548977,139.714285714286,5,187.142857142857,37.780934,-122.494251,"Outer Richmond"
"585",584,5549826,170.428571428571,5,168.571428571429,37.764026,-122.435608,"Castro/Upper Market"
"586",585,5550248,197,4.5,67,37.7157497142857,-122.448504285714,"Outer Mission"
"587",586,5572169,103,5,174,37.798719,-122.43556,"Marina"
"588",587,5589530,131.714285714286,5,152.857142857143,37.759899,-122.40781,"Mission"
"589",588,5606842,120.428571428571,5,135.428571428571,37.763398,-122.43442,"Castro/Upper Market"
"590",589,5641815,140.666666666667,4.66666666666667,125,37.758754,-122.433639,"Castro/Upper Market"
"591",590,5696895,140.428571428571,4.64285714285714,70.4285714285714,37.761724,-122.474875,"Inner Sunset"
"592",591,5785980,101,4,65,37.764632,-122.482263,"Outer Sunset"
"593",592,5838639,136.714285714286,5,108,37.765071,-122.434642,"Castro/Upper Market"
"594",593,5852066,101,5,125,37.777097,-122.437626,"Western Addition"
"595",594,5852204,175.142857142857,4.5,98,37.76055,-122.471788,"Inner Sunset"
"596",595,5904304,105,4.5,79,37.788274,-122.415058,"Downtown/Civic Center"
"597",596,6006768,130.285714285714,5,119.285714285714,37.789959,-122.449814,"Presidio Heights"
"598",597,6074750,135.833333333333,4.5,127.333333333333,37.798247,-122.410903,"Russian Hill"
"599",598,6092049,141.142857142857,5,232.285714285714,37.756076,-122.438011,"Castro/Upper Market"
"600",599,6092596,196.285714285714,5,119.428571428571,37.763796,-122.426143,"Mission"
"601",600,6107359,124.428571428571,5,312.571428571429,37.755873,-122.409057,"Mission"
"602",601,6120540,131.714285714286,5,50.1428571428571,37.73436,-122.49558,"Parkside"
"603",602,6163821,111.5,5,132.5,37.755389,-122.3973,"Potrero Hill"
"604",603,6181501,125.142857142857,4.5,299,37.784902,-122.395429,"South of Market"
"605",604,6261758,110.833333333333,4.41666666666667,147.5,37.77467,-122.437775,"Western Addition"
"606",605,6331695,145.571428571429,5,165.428571428571,37.742069,-122.430685,"Noe Valley"
"607",606,6357895,110.333333333333,5,166.666666666667,37.755465,-122.408954,"Mission"
"608",607,6423158,135.571428571429,5,136.571428571429,37.731303,-122.46152,"West of Twin Peaks"
"609",608,6430646,105,5,115,37.757729,-122.445028,"Twin Peaks"
"610",609,6437264,163,4.5,225,37.748502,-122.435591,"Noe Valley"
"611",610,6464808,106.75,4.5,89,37.753479,-122.468348,"Inner Sunset"
"612",611,6494663,136,5,84.8571428571429,37.7495,-122.491643,"Outer Sunset"
"613",612,6495015,109,5,241,37.759717,-122.421642,"Mission"
"614",613,6505426,103,5,200,37.753156,-122.437223,"Noe Valley"
"615",614,6557736,112,5,79,37.74896,-122.492403,"Outer Sunset"
"616",615,6600081,105,5,95,37.753004,-122.403943,"Mission"
"617",616,6629798,144,5,117.142857142857,37.728364,-122.41643,"Excelsior"
"618",617,6662231,107,4.5,90,37.798785,-122.405424,"North Beach"
"619",618,6713445,102,4.5,200,37.763558,-122.432569,"Castro/Upper Market"
"620",619,6742626,108,5,136.2,37.792786,-122.418253,"Nob Hill"
"621",620,6836785,102,4.5,167,37.752032,-122.422543,"Mission"
"622",621,6872214,114.714285714286,4.5,57.1428571428571,37.731598,-122.373176,"Bayview"
"623",622,6910758,150.714285714286,5,103.428571428571,37.775244,-122.407506,"South of Market"
"624",623,7026287,112,5,119,37.749628,-122.429949,"Noe Valley"
"625",624,7066823,102,5,64,37.731367,-122.408958,"Excelsior"
"626",625,7129539,106,4.5,119,37.747203,-122.434137,"Noe Valley"
"627",626,7178670,125.142857142857,5,157.714285714286,37.775607,-122.440901,"Haight Ashbury"
"628",627,7180020,105,5,249,37.779449,-122.403816,"South of Market"
"629",628,7222704,108.75,5,105,37.782867,-122.483463,"Outer Richmond"
"630",629,7227859,104.666666666667,5,89,37.786111,-122.440192,"Western Addition"
"631",630,7278586,113.75,5,345,37.777592,-122.433548,"Western Addition"
"632",631,7327920,110,5,200,37.753083,-122.401487,"Potrero Hill"
"633",632,7329639,109.75,4.5,84,37.786038,-122.438865,"Western Addition"
"634",633,7344289,134.714285714286,5,375,37.781181,-122.466333,"Inner Richmond"
"635",634,7348398,109.333333333333,5,125,37.756979,-122.439505,"Castro/Upper Market"
"636",635,7368199,125,4.5,75,37.723753,-122.458451,"Ocean View"
"637",636,7370012,112.6,5,292,37.773819,-122.465601,"Inner Richmond"
"638",637,7437925,112.666666666667,5,110,37.771154,-122.436791,"Western Addition"
"639",638,7478631,125,5,145,37.762105,-122.452017,"Haight Ashbury"
"640",639,7483031,103,5,147,37.722574,-122.432972,"Excelsior"
"641",640,7514742,109.8,5,120,37.73192,-122.388212,"Bayview"
"642",641,7534836,106,4,80,37.727365,-122.404775,"Excelsior"
"643",642,7575510,112,4.5,75,37.779603,-122.411757,"South of Market"
"644",643,7601779,112,4.5,157,37.733758,-122.434703,"Glen Park"
"645",644,7615490,140.571428571429,5,259.285714285714,37.73537,-122.44378,"West of Twin Peaks"
"646",645,7643927,186.571428571429,4.5,99,37.778324,-122.488685,"Outer Richmond"
"647",646,7698019,108,5,108,37.775361,-122.401235,"South of Market"
"648",647,7823062,106.666666666667,4.5,278.333333333333,37.756867,-122.41624,"Mission"
"649",648,7845599,107.666666666667,5,150,37.772897,-122.435601,"Western Addition"
"650",649,7902889,104,5,75,37.78594,-122.394088,"South of Market"
"651",650,7949624,127.428571428571,4.85714285714286,127,37.755256,-122.398267,"Potrero Hill"
"652",651,7949668,117.6,5,137,37.755115,-122.400412,"Potrero Hill"
"653",652,7973978,134.142857142857,4.5,59.8571428571429,37.776384,-122.478227,"Outer Richmond"
"654",653,7989636,161.714285714286,5,129.285714285714,37.796166,-122.41236,"Nob Hill"
"655",654,8028929,109,4.5,90,37.771712,-122.434461,"Western Addition"
"656",655,8030646,108,5,126,37.750317,-122.416677,"Mission"
"657",656,8053887,110,5,185,37.759673,-122.446876,"Twin Peaks"
"658",657,8088720,112,5,100,37.768514,-122.437248,"Castro/Upper Market"
"659",658,8101297,120.428571428571,5,137.571428571429,37.801935,-122.440167,"Marina"
"660",659,8102262,106,5,114,37.730202,-122.398273,"Bayview"
"661",660,8130665,109,5,160,37.73043,-122.443832,"Outer Mission"
"662",661,8167459,114.8,5,125,37.77812,-122.502621,"Outer Richmond"
"663",662,8187584,113,4.875,97.5,37.748437,-122.428197,"Noe Valley"
"664",663,8187662,117.333333333333,4.75,166.5,37.806568,-122.435009,"Marina"
"665",664,8192881,110.5,5,150,37.769224,-122.446982,"Haight Ashbury"
"666",665,8195144,105,4.5,135,37.751346,-122.453829,"Twin Peaks"
"667",666,8287266,103,5,150,37.764136,-122.431887,"Castro/Upper Market"
"668",667,8351923,112.5,5,101.75,37.742877,-122.461469,"West of Twin Peaks"
"669",668,8352275,124.285714285714,5,117.571428571429,37.778977,-122.506749,"Outer Richmond"
"670",669,8356380,154,5,95,37.711702,-122.434515,"Crocker Amazon"
"671",670,8584000,115,5,250,37.773965,-122.427833,"Western Addition"
"672",671,8635973,115.571428571429,4.5,68.2857142857143,37.72074,-122.393846,"Bayview"
"673",672,8697987,138.333333333333,5,110,37.749295,-122.417468,"Mission"
"674",673,8702764,106,4.5,84,37.751231,-122.409211,"Mission"
"675",674,8763676,114,4.5,60.75,37.720305,-122.393485,"Bayview"
"676",675,8777405,105,5,121,37.776425,-122.470061,"Inner Richmond"
"677",676,8844548,143.428571428571,5,224.142857142857,37.771778,-122.44541,"Haight Ashbury"
"678",677,8904047,109,5,155,37.762806,-122.428252,"Castro/Upper Market"
"679",678,8907289,108,5,141,37.752678,-122.407533,"Mission"
"680",679,9023447,112,4.75,108,37.783093,-122.432377,"Western Addition"
"681",680,9034987,117.166666666667,4.5,63.1666666666667,37.729882,-122.400423,"Bayview"
"682",681,9051149,179.714285714286,5,106.142857142857,37.766746,-122.440216,"Castro/Upper Market"
"683",682,9097223,105.666666666667,5,134,37.764829,-122.443533,"Castro/Upper Market"
"684",683,9188845,112.833333333333,5,60.3333333333333,37.732275,-122.41495,"Bernal Heights"
"685",684,9284412,162.428571428571,5,110.285714285714,37.728411,-122.41163,"Excelsior"
"686",685,9311466,102,4.5,200,37.742285,-122.503346,"Parkside"
"687",686,9313952,113.4,4.5,101,37.784072,-122.463685,"Inner Richmond"
"688",687,9315872,110.2,4.5,75,37.774305,-122.466002,"Inner Richmond"
"689",688,9340256,112.5,5,185,37.776017,-122.440529,"Haight Ashbury"
"690",689,9347891,101,5,135,37.774215,-122.467732,"Inner Richmond"
"691",690,9435665,116,5,87.5,37.746873,-122.428397,"Noe Valley"
"692",691,9532943,136.25,4.5,79,37.786305,-122.416289,"Downtown/Civic Center"
"693",692,9533017,128.2,4.5,76.2,37.78597,-122.415532,"Downtown/Civic Center"
"694",693,9545064,105,5,99,37.750725,-122.414927,"Mission"
"695",694,9669444,114.75,5,189,37.78113,-122.408124,"South of Market"
"696",695,9752333,114.8,5,135,37.745598,-122.432302,"Noe Valley"
"697",696,9780615,116,5,105,37.76137,-122.503593,"Outer Sunset"
"698",697,9910056,107,4.5,150,37.762604,-122.394997,"Potrero Hill"
"699",698,10000073,104,5,149,37.764703,-122.422197,"Mission"
"700",699,10035487,111.6,5,146,37.764033,-122.468027,"Inner Sunset"
"701",700,10385321,116,5,100,37.725832,-122.430418,"Excelsior"
"702",701,10434902,106,5,169,37.762694,-122.484371,"Outer Sunset"
"703",702,10469182,118,5,120,37.781128,-122.501095,"Outer Richmond"
"704",703,10689539,109.8,5,106,37.782587,-122.441092,"Western Addition"
"705",704,10812630,104,4.5,198,37.777944,-122.479925,"Outer Richmond"
"706",705,10824720,114,4.5,150,37.778936,-122.506108,"Outer Richmond"
"707",706,10839800,102.5,4.5,85,37.763045,-122.464497,"Inner Sunset"
"708",707,10930490,114,5,85,37.720012,-122.39249,"Bayview"
"709",708,10945354,112,5,100.8,37.770404,-122.423193,"Mission"
"710",709,11122531,112,5,145,37.744179,-122.432334,"Noe Valley"
"711",710,11186588,106.333333333333,4.5,98,37.779179,-122.477443,"Inner Richmond"
"712",711,11191951,101,5,125,37.763848,-122.443062,"Castro/Upper Market"
"713",712,11305038,119,5,75,37.764788,-122.436454,"Castro/Upper Market"
"714",713,11365069,127.714285714286,5,69.5714285714286,37.779122,-122.404476,"South of Market"
"715",714,11398231,109,4.5,72,37.716503,-122.466942,"Ocean View"
"716",715,11724899,115,4.75,134,37.731551,-122.401863,"Bayview"
"717",716,12026856,117,4.625,87.5,37.745388,-122.43046,"Noe Valley"
"718",717,12437037,113,4.5,119,37.774857,-122.462346,"Inner Richmond"
"719",718,12511163,112,5,59.5,37.734862,-122.495663,"Parkside"
"720",719,13021568,107,5,98,37.725993,-122.405987,"Excelsior"
"721",720,13022232,105,5,68,37.724748,-122.405698,"Excelsior"
"722",721,13127954,107,5,93,37.761849,-122.40543,"Potrero Hill"
"723",722,13191964,119,5,84,37.719032,-122.47114,"Ocean View"
"724",723,13293285,102,5,80,37.757032,-122.489394,"Outer Sunset"
"725",724,13642014,108,5,99,37.752085,-122.484447,"Outer Sunset"
"726",725,13901641,111,5,83,37.752066,-122.484343,"Outer Sunset"
